MergeSort,0.000,100
MergeSort,0.031,10000
MergeSort,0.195,50000
MergeSort,0.268,70000
BubbleSort,0.001,100
BubbleSort,10.766,10000
BubbleSort,285.179,50000
BubbleSort,565.043,70000
InsertionSort,0.000,100
InsertionSort,2.971,10000
InsertionSort,75.148,50000
InsertionSort,143.387,70000
SelectionSort,0.000,100
SelectionSort,2.801,10000
SelectionSort,76.095,50000
SelectionSort,143.938,70000
HybridMergeSort,0.173,100
HybridMergeSort,0.161,10000
HybridMergeSort,0.166,50000
HybridMergeSort,0.159,70000
